HGNCsymbol,ENSGv92,HGNC.ID,Approved.name,OMIM.ID,UniProt.ID,Mendelian.noXY,PathogenicMut.ClinVar,Autosomal.Recessive,Autosomal.Dominant,HaploinsufficientLv3.ClinGen,Haploinsufficient.Tx61,Homo.LoF.tolerant,Essential.CRISPR,NonEssential.CRISPR,Kinase,DRG.Wood,GWAShit.ProximalGene,Olfactory.Receptor,GPCR.Targets,NaturalProduct.Targets,FDAapproved.DrugTargets,CpDC.RP,CpDK.RP,CpDM.RP,CpDY.RP,CpDC.LP,CpDK.LP,detectedProRP&LP,intrinsicR_CKY_proteins,CKMYoverlapRP,CKoverlapRP,CKYoverlapRP,CYSoverlapRP&LP,LYSoverlapRP&LP
AAAS,ENSG00000094914,HGNC:13666,aladin WD repeat nucleoporin,605378,Q9NRG9,True,True,True,False,False,False,False,False,False,False,False,False,False,False,False,False,True,False,False,False,False,False,True,True,False,False,False,False,False
ACADSB,ENSG00000196177,HGNC:91,acyl-CoA dehydrogenase short/branched chain,600301,P45954,True,True,True,False,False,False,False,False,False,False,False,False,False,False,False,False,True,True,False,False,True,True,True,True,False,True,False,True,True
ACADVL,ENSG00000072778,HGNC:92,acyl-CoA dehydrogenase very long chain,609575,P49748,True,True,True,False,False,False,False,False,False,False,False,False,False,False,False,False,True,True,False,False,True,True,True,True,False,True,False,True,True
ACAT1,ENSG00000075239,HGNC:93,acetyl-CoA acetyltransferase 1,607809,P24752,True,True,True,False,False,False,False,False,False,False,False,False,False,False,False,False,True,True,True,False,True,True,True,True,False,True,False,True,True
ACOX1,ENSG00000161533,HGNC:119,acyl-CoA oxidase 1,609751,Q15067,True,True,True,False,False,False,False,False,False,False,False,True,False,False,False,False,True,True,False,False,True,False,True,True,False,True,False,True,False
ACSL4,ENSG00000068366,HGNC:3571,acyl-CoA synthetase long chain family member 4,300157,O60488,False,True,False,False,True,False,False,False,False,False,False,False,False,False,False,False,True,True,False,False,True,False,True,True,False,True,False,True,False
ACTB,ENSG00000075624,HGNC:132,actin beta,102630,P60709,True,True,False,True,False,False,False,True,False,False,False,True,False,False,True,False,True,True,True,True,True,True,True,True,True,True,True,True,True
ACTG1,ENSG00000184009,HGNC:144,actin gamma 1,102560,P63261,True,True,False,True,False,False,False,False,False,False,False,True,False,False,False,False,False,False,False,True,False,False,True,True,False,False,False,False,False
ACTN1,ENSG00000072110,HGNC:163,actinin alpha 1,102575,P12814,True,True,False,False,False,False,False,False,False,False,False,True,False,False,False,True,True,True,True,True,True,True,True,True,True,True,True,True,True
ACTN4,ENSG00000130402,HGNC:166,actinin alpha 4,604638,O43707,True,True,False,True,False,False,False,False,False,False,False,False,False,False,False,False,True,True,True,True,True,True,True,True,True,True,True,True,True
ADA,ENSG00000196839,HGNC:186,adenosine deaminase,608958,P00813,True,True,True,False,False,False,False,False,False,False,False,False,False,False,False,True,True,True,False,False,True,False,True,True,False,True,False,True,False
ADAR,ENSG00000160710,HGNC:225,adenosine deaminase RNA specific,146920,P55265,True,True,False,True,False,False,False,False,False,False,False,True,False,False,False,False,True,True,False,False,True,True,True,True,False,True,False,True,True
ADK,ENSG00000156110,HGNC:257,adenosine kinase,102750,P55263,True,True,False,False,False,False,False,False,False,False,False,True,False,False,False,False,True,True,False,False,True,True,True,True,False,True,False,True,True
ADSL,ENSG00000239900,HGNC:291,adenylosuccinate lyase,608222,P30566,True,True,True,False,False,False,False,True,False,False,False,False,False,False,False,False,True,False,False,True,True,True,True,True,False,False,False,True,False
AFG3L2,ENSG00000141385,HGNC:315,AFG3 like matrix AAA peptidase subunit 2,604581,Q9Y4W6,True,True,False,True,False,False,False,False,False,False,False,False,False,False,False,False,True,False,False,False,False,False,True,True,False,False,False,False,False
AKT1,ENSG00000142208,HGNC:391,AKT serine/threonine kinase 1,164730,P31749,True,True,False,False,False,False,False,False,False,True,False,True,False,False,False,False,True,False,False,True,False,True,True,True,False,False,False,False,False
AKT2,ENSG00000105221,HGNC:392,AKT serine/threonine kinase 2,164731,P31751,True,True,False,True,False,False,False,False,False,True,False,True,False,False,False,False,True,False,False,True,True,True,True,True,False,False,False,True,False
AKT3,ENSG00000117020,HGNC:393,AKT serine/threonine kinase 3,611223,Q9Y243,True,True,False,False,False,False,False,False,False,True,False,True,False,False,False,False,True,True,False,True,False,True,True,True,False,True,True,False,True
ALDH5A1,ENSG00000112294,HGNC:408,aldehyde dehydrogenase 5 family member A1,610045,P51649,True,True,True,False,False,False,False,False,False,False,False,True,False,False,False,False,True,False,False,False,True,False,True,True,False,False,False,True,False
ALDH18A1,ENSG00000059573,HGNC:9722,aldehyde dehydrogenase 18 family member A1,138250,P54886,True,True,True,False,False,False,False,False,False,False,False,True,False,False,False,False,True,True,True,False,True,True,True,True,False,True,False,True,True
ALDOA,ENSG00000149925,HGNC:414,"aldolase, fructose-bisphosphate A",103850,P04075,True,True,True,False,False,False,False,False,False,False,False,False,False,False,False,False,True,True,True,True,True,True,True,True,True,True,True,True,True
ALG13,ENSG00000101901,HGNC:30881,ALG13 UDP-N-acetylglucosaminyltransferase subunit,300776,Q9NP73,False,True,False,False,False,False,False,False,False,False,False,False,False,False,False,False,True,False,False,False,True,False,True,True,False,False,False,True,False
AMPD2,ENSG00000116337,HGNC:469,adenosine monophosphate deaminase 2,102771,Q01433,True,True,False,False,False,False,False,False,False,False,False,False,False,False,False,False,True,True,False,False,True,True,True,True,False,True,False,True,True
ANLN,ENSG00000011426,HGNC:14082,anillin actin binding protein,616027,Q9NQW6,True,True,False,False,False,False,False,False,False,False,False,False,False,False,False,False,True,False,False,False,True,False,True,True,False,False,False,True,False
AP1S1,ENSG00000106367,HGNC:559,adaptor related protein complex 1 subunit sigma 1,603531,P61966,True,True,False,False,False,False,False,False,False,False,False,False,False,False,False,False,True,False,False,False,False,True,True,True,False,False,False,False,False
AP1S2,ENSG00000182287,HGNC:560,adaptor related protein complex 1 subunit sigma 2,300629,P56377,False,True,False,False,True,False,False,False,False,False,False,False,False,False,False,False,True,False,False,False,False,True,True,True,False,False,False,False,False
AP3B1,ENSG00000132842,HGNC:566,adaptor related protein complex 3 subunit beta 1,603401,O00203,True,True,True,False,False,False,False,False,False,False,False,False,False,False,False,False,False,True,False,False,False,True,True,True,False,False,False,False,True
APRT,ENSG00000198931,HGNC:626,adenine phosphoribosyltransferase,102600,P07741,True,True,True,False,False,False,False,False,False,False,False,False,False,False,False,False,True,False,False,True,True,True,True,True,False,False,False,True,False
ARHGDIA,ENSG00000141522,HGNC:678,Rho GDP dissociation inhibitor alpha,601925,P52565,True,True,False,False,False,False,False,False,False,False,False,False,False,False,False,False,True,True,False,True,True,True,True,True,False,True,True,True,True
ARHGEF6,ENSG00000129675,HGNC:685,Rac/Cdc42 guanine nucleotide exchange factor 6,300267,Q15052,False,True,False,False,False,False,False,False,False,False,False,False,False,False,False,False,True,False,False,False,True,False,True,True,False,False,False,True,False
ASL,ENSG00000126522,HGNC:746,argininosuccinate lyase,608310,P04424,True,True,True,False,False,False,False,False,False,False,False,True,False,False,False,False,False,True,False,False,False,True,True,True,False,False,False,False,True
ASNS,ENSG00000070669,HGNC:753,asparagine synthetase (glutamine-hydrolyzing),108370,P08243,True,True,False,False,False,False,False,False,False,False,False,False,False,False,False,False,False,True,False,True,True,True,True,True,False,False,False,False,True
ASPM,ENSG00000066279,HGNC:19048,assembly factor for spindle microtubules,605481,Q8IZT6,True,True,True,False,False,False,False,False,False,False,False,True,False,False,False,False,True,False,False,False,True,False,True,True,False,False,False,True,False
ASS1,ENSG00000130707,HGNC:758,argininosuccinate synthase 1,603470,P00966,True,True,True,False,False,False,False,False,False,False,False,False,False,False,False,False,True,False,True,True,True,False,True,True,False,False,False,True,False
ATIC,ENSG00000138363,HGNC:794,5-aminoimidazole-4-carboxamide ribonucleotide formyltransferase/IMP cyclohydrolase,601731,P31939,True,True,True,False,False,False,False,False,False,False,False,False,False,False,False,False,True,True,False,True,True,True,True,True,False,True,True,True,True
ATP1A1,ENSG00000163399,HGNC:799,ATPase Na+/K+ transporting subunit alpha 1,182310,P05023,False,True,False,False,False,False,False,False,False,False,False,False,False,False,False,True,False,True,True,False,True,False,True,True,False,False,False,False,False
ATP2A2,ENSG00000174437,HGNC:812,ATPase sarcoplasmic/endoplasmic reticulum Ca2+ transporting 2,108740,P16615,True,True,False,True,False,False,False,True,False,False,False,True,False,False,False,False,False,True,True,False,False,True,True,True,False,False,False,False,True
ATXN3,ENSG00000066427,HGNC:7106,ataxin 3,607047,P54252,True,True,False,True,False,False,False,False,False,False,False,False,False,False,False,False,True,False,False,False,False,False,True,True,False,False,False,False,False
ATXN10,ENSG00000130638,HGNC:10549,ataxin 10,611150,Q9UBB4,True,True,False,True,False,False,False,False,False,False,False,False,False,False,False,False,True,True,False,False,True,True,True,True,False,True,False,True,True
BAX,ENSG00000087088,HGNC:959,"BCL2 associated X, apoptosis regulator",600040,Q07812,True,True,False,False,False,False,False,False,False,False,False,True,False,False,False,False,False,True,False,False,False,True,True,True,False,False,False,False,True
BCAP31,ENSG00000185825,HGNC:16695,B cell receptor associated protein 31,300398,P51572,False,True,False,False,False,False,False,False,False,False,False,False,False,False,False,False,False,True,False,False,False,True,True,True,False,False,False,False,True
BCAT2,ENSG00000105552,HGNC:977,branched chain amino acid transaminase 2,113530,O15382,False,True,False,False,False,False,False,False,False,False,False,True,False,False,False,False,True,True,False,False,True,True,True,True,False,True,False,True,True
BLM,ENSG00000197299,HGNC:1058,BLM RecQ like helicase,604610,P54132,True,True,True,False,False,False,False,False,False,False,True,False,False,False,False,False,True,False,False,False,False,False,True,True,False,False,False,False,False
BLOC1S3,ENSG00000189114,HGNC:20914,biogenesis of lysosomal organelles complex 1 subunit 3,609762,Q6QNY0,True,True,True,False,False,False,False,False,False,False,False,True,False,False,False,False,True,False,False,False,True,False,True,True,False,False,False,True,False
BLOC1S6,ENSG00000104164,HGNC:8549,biogenesis of lysosomal organelles complex 1 subunit 6,604310,Q9UL45,True,True,False,False,False,False,False,False,False,False,False,False,False,False,False,False,True,True,False,False,True,True,True,True,False,True,False,True,True
BLVRA,ENSG00000106605,HGNC:1062,biliverdin reductase A,109750,P53004,True,True,False,False,False,False,False,False,False,False,False,False,False,False,False,False,False,True,False,True,True,True,True,True,False,False,False,False,True
BOLA3,ENSG00000163170,HGNC:24415,bolA family member 3,613183,Q53S33,True,True,False,False,False,False,False,False,False,False,False,False,False,False,False,False,True,False,False,False,True,False,True,True,False,False,False,True,False
BRAT1,ENSG00000106009,HGNC:21701,BRCA1 associated ATM activator 1,614506,Q6PJG6,True,True,False,False,False,False,False,False,False,False,False,False,False,False,False,False,True,False,False,False,True,False,True,True,False,False,False,True,False
CA2,ENSG00000104267,HGNC:1373,carbonic anhydrase 2,611492,P00918,True,True,True,False,False,False,False,False,False,False,False,False,False,False,False,True,True,False,False,True,False,False,True,True,False,False,False,False,False
CA8,ENSG00000178538,HGNC:1382,carbonic anhydrase 8,114815,P35219,True,True,False,False,False,False,False,False,False,False,False,False,False,False,False,False,True,False,False,False,False,False,True,True,False,False,False,False,False
CALR,ENSG00000179218,HGNC:1455,calreticulin,109091,P27797,True,True,False,False,False,False,False,False,False,False,False,False,False,False,False,False,True,True,False,True,True,True,True,True,False,True,True,True,True
CAT,ENSG00000121691,HGNC:1516,catalase,115500,P04040,True,True,False,True,False,False,False,False,False,False,False,True,False,False,False,False,False,True,False,False,True,True,True,True,False,False,False,False,True
CBS,ENSG00000160200,HGNC:1550,cystathionine beta-synthase,613381,P35520,True,True,True,False,False,False,False,False,False,False,False,True,False,False,False,False,True,False,False,False,True,False,True,True,False,False,False,True,False
CCT5,ENSG00000150753,HGNC:1618,chaperonin containing TCP1 subunit 5,610150,P48643,True,True,True,False,False,False,False,True,False,False,False,False,False,False,False,False,True,True,True,True,True,True,True,True,True,True,True,True,True
CCT7,ENSG00000135624,HGNC:1622,chaperonin containing TCP1 subunit 7,605140,Q99832,False,True,False,False,False,False,False,True,False,False,False,False,False,False,False,False,True,True,False,True,True,True,True,True,False,True,True,True,True
CDC73,ENSG00000134371,HGNC:16783,cell division cycle 73,607393,Q6P1J9,True,True,False,True,False,False,False,True,False,False,False,False,False,False,False,False,False,False,False,True,True,True,True,True,False,False,False,False,False
CDK6,ENSG00000105810,HGNC:1777,cyclin dependent kinase 6,603368,Q00534,True,True,False,False,False,False,False,False,False,True,False,True,False,False,False,False,True,True,False,False,True,False,True,True,False,True,False,True,False
CHAF1B,ENSG00000159259,HGNC:1911,chromatin assembly factor 1 subunit B,601245,Q13112,False,True,False,False,False,False,False,True,False,False,False,True,False,False,False,False,True,False,False,False,False,True,True,True,False,False,False,False,False
CHD2,ENSG00000173575,HGNC:1917,chromodomain helicase DNA binding protein 2,602119,O14647,True,True,False,False,True,True,False,False,False,False,False,False,False,False,False,False,True,False,False,False,False,False,True,True,False,False,False,False,False
CHMP1A,ENSG00000131165,HGNC:8740,charged multivesicular body protein 1A,164010,Q9HD42,True,True,False,False,False,False,False,False,False,False,False,True,False,False,False,False,True,False,False,False,True,True,True,True,False,False,False,True,False
CITED2,ENSG00000164442,HGNC:1987,Cbp/p300 interacting transactivator with Glu/Asp rich carboxy-terminal domain 2,602937,Q99967,True,True,False,False,False,False,False,False,False,False,False,False,False,False,False,False,True,False,False,False,True,False,True,True,False,False,False,True,False
CKAP2L,ENSG00000169607,HGNC:26877,cytoskeleton associated protein 2 like,616174,Q8IYA6,True,True,False,False,False,False,False,False,False,False,False,False,False,False,False,False,True,False,False,False,False,True,True,True,False,False,False,False,False
CLIC2,ENSG00000155962,HGNC:2063,chloride intracellular channel 2,300138,O15247,False,True,False,False,False,False,False,False,False,False,False,False,False,False,False,False,False,False,False,True,False,False,True,True,False,False,False,False,False
CLIC6,ENSG00000159212,HGNC:2065,chloride intracellular channel 6,615321,Q96NY7,False,True,False,False,False,False,False,False,False,False,False,True,False,False,False,False,True,False,False,False,True,True,True,True,False,False,False,True,False
CLPP,ENSG00000125656,HGNC:2084,caseinolytic mitochondrial matrix peptidase proteolytic subunit,601119,Q16740,True,True,False,False,False,False,False,False,False,False,False,False,False,False,False,False,True,True,False,False,True,True,True,True,False,True,False,True,True
CNBP,ENSG00000169714,HGNC:13164,CCHC-type zinc finger nucleic acid binding protein,116955,P62633,True,True,False,True,False,False,False,False,False,False,False,False,False,False,False,False,True,False,False,True,True,True,True,True,False,False,False,True,False
COASY,ENSG00000068120,HGNC:29932,Coenzyme A synthase,609855,Q13057,True,True,False,False,False,False,False,False,False,False,False,True,False,False,False,False,False,True,False,True,True,True,True,True,False,False,False,False,True
COQ9,ENSG00000088682,HGNC:25302,coenzyme Q9,612837,O75208,True,True,True,False,False,False,False,False,False,False,False,False,False,False,False,False,True,False,False,False,False,False,True,True,False,False,False,False,False
COX6B1,ENSG00000126267,HGNC:2280,cytochrome c oxidase subunit 6B1,124089,P14854,True,True,True,False,False,False,False,True,False,False,False,False,False,False,False,False,True,False,False,False,True,False,True,True,False,False,False,True,False
CPOX,ENSG00000080819,HGNC:2321,coproporphyrinogen oxidase,612732,P36551,True,True,False,True,False,False,False,False,False,False,False,False,False,False,False,False,True,True,False,False,True,True,True,True,False,True,False,True,True
CPT1A,ENSG00000110090,HGNC:2328,carnitine palmitoyltransferase 1A,600528,P50416,True,True,True,False,False,False,False,False,False,False,False,True,False,False,False,True,True,False,False,False,False,False,True,True,False,False,False,False,False
CR1,ENSG00000203710,HGNC:2334,complement C3b/C4b receptor 1 (Knops blood group),120620,P17927,True,True,False,False,False,False,False,False,False,False,False,True,False,False,False,False,True,False,False,False,False,False,True,True,False,False,False,False,False
CSTB,ENSG00000160213,HGNC:2482,cystatin B,601145,P04080,True,True,True,False,False,False,False,False,False,False,False,True,False,False,False,False,False,True,False,True,False,True,True,True,False,False,False,False,True
CTSC,ENSG00000109861,HGNC:2528,cathepsin C,602365,P53634,True,True,True,False,False,False,False,False,False,False,False,False,False,False,False,False,True,True,False,False,True,True,True,True,False,True,False,True,True
CTSD,ENSG00000117984,HGNC:2529,cathepsin D,116840,P07339,True,True,True,False,False,False,False,False,False,False,False,False,False,False,False,False,True,True,False,False,True,True,True,True,False,True,False,True,True
CUL3,ENSG00000036257,HGNC:2553,cullin 3,603136,Q13618,True,True,False,False,False,False,False,False,False,False,False,True,False,False,False,False,False,True,False,True,True,True,True,True,False,False,False,False,True
CUL4B,ENSG00000158290,HGNC:2555,cullin 4B,300304,Q13620,False,True,False,False,True,False,False,False,False,False,False,False,False,False,False,False,False,True,False,False,True,True,True,True,False,False,False,False,True
CWF19L1,ENSG00000095485,HGNC:25613,CWF19 like cell cycle control factor 1,616120,Q69YN2,True,True,False,False,False,False,False,False,False,False,False,False,False,False,False,False,True,False,False,False,True,False,True,True,False,False,False,True,False
CYB5R3,ENSG00000100243,HGNC:2873,cytochrome b5 reductase 3,613213,P00387,True,True,True,False,False,False,False,False,False,False,False,True,False,False,False,False,True,True,False,True,False,False,True,True,False,True,True,False,False
CYC1,ENSG00000179091,HGNC:2579,cytochrome c1,123980,P08574,True,True,False,False,False,False,False,False,False,False,False,True,False,False,False,False,True,True,False,False,False,False,True,True,False,True,False,False,False
DCTN1,ENSG00000204843,HGNC:2711,dynactin subunit 1,601143,Q14203,True,True,False,True,False,False,False,False,False,False,False,False,False,False,False,False,True,True,False,True,True,True,True,True,False,True,True,True,True
DCXR,ENSG00000169738,HGNC:18985,dicarbonyl and L-xylulose reductase,608347,Q7Z4W1,True,True,True,False,False,False,False,False,False,False,False,False,False,False,False,False,True,True,False,True,True,True,True,True,False,True,True,True,True
DDX59,ENSG00000118197,HGNC:25360,DEAD-box helicase 59,615464,Q5T1V6,True,True,False,False,False,False,False,False,False,False,False,False,False,False,False,False,True,False,False,False,True,True,True,True,False,False,False,True,False
DGUOK,ENSG00000114956,HGNC:2858,deoxyguanosine kinase,601465,Q16854,True,True,False,False,False,False,False,False,False,False,False,False,False,False,False,False,True,True,False,False,True,True,True,True,False,True,False,True,True
DHCR7,ENSG00000172893,HGNC:2860,7-dehydrocholesterol reductase,602858,Q9UBM7,True,True,True,False,False,False,False,False,False,False,False,False,False,False,False,False,True,False,False,False,False,False,True,True,False,False,False,False,False
DIAPH1,ENSG00000131504,HGNC:2876,diaphanous related formin 1,602121,O60610,True,True,False,True,False,False,False,False,False,False,False,True,False,False,False,False,True,True,True,False,True,True,True,True,False,True,False,True,True
DKC1,ENSG00000130826,HGNC:2890,dyskerin pseudouridine synthase 1,300126,O60832,False,True,False,False,False,False,False,True,False,False,False,False,False,False,False,False,True,True,False,False,True,False,True,True,False,True,False,True,False
DLD,ENSG00000091140,HGNC:2898,dihydrolipoamide dehydrogenase,238331,P09622,True,True,True,False,False,False,False,False,False,False,False,False,False,False,False,False,True,True,False,False,True,True,True,True,False,True,False,True,True
DNAJB6,ENSG00000105993,HGNC:14888,DnaJ heat shock protein family (Hsp40) member B6,611332,O75190,True,True,False,False,False,False,False,False,False,False,False,False,False,False,False,False,False,False,False,True,True,True,True,True,False,False,False,False,False
DNAJC3,ENSG00000102580,HGNC:9439,DnaJ heat shock protein family (Hsp40) member C3,601184,Q13217,True,True,False,False,False,False,False,False,False,False,False,False,False,False,False,False,False,True,False,True,False,True,True,True,False,False,False,False,True
DNAJC19,ENSG00000205981,HGNC:30528,DnaJ heat shock protein family (Hsp40) member C19,608977,Q96DA6,True,True,True,False,False,False,False,False,False,False,False,False,False,False,False,False,False,True,False,False,False,False,True,True,False,False,False,False,False
DNM2,ENSG00000079805,HGNC:2974,dynamin 2,602378,P50570,True,True,False,True,False,False,False,True,False,False,False,True,False,False,False,False,True,False,True,True,True,True,True,True,False,False,False,True,False
DYNC1H1,ENSG00000197102,HGNC:2961,dynein cytoplasmic 1 heavy chain 1,600112,Q14204,True,True,False,False,False,False,False,False,False,False,False,False,False,False,False,False,False,True,True,True,True,True,True,True,False,False,False,False,True
DYNLL1,ENSG00000088986,HGNC:15476,dynein light chain LC8-type 1,601562,P63167,False,True,False,False,False,False,False,False,False,False,False,True,False,False,False,False,True,True,False,True,True,True,True,True,False,True,True,True,True
EEF2,ENSG00000167658,HGNC:3214,eukaryotic translation elongation factor 2,130610,P13639,True,True,False,False,False,False,False,True,False,False,False,False,False,False,False,False,True,True,True,True,True,True,True,True,True,True,True,True,True
EFTUD2,ENSG00000108883,HGNC:30858,elongation factor Tu GTP binding domain containing 2,603892,Q15029,True,True,False,False,True,True,False,True,False,False,False,False,False,False,False,False,True,False,True,False,False,False,True,True,False,False,False,False,False
EHBP1,ENSG00000115504,HGNC:29144,EH domain binding protein 1,609922,Q8NDI1,True,True,False,False,False,False,False,False,False,False,False,True,False,False,False,False,True,False,False,False,True,True,True,True,False,False,False,True,False
EIF2B3,ENSG00000070785,HGNC:3259,eukaryotic translation initiation factor 2B subunit gamma,606273,Q9NR50,True,True,True,False,False,False,False,True,False,False,False,False,False,False,False,False,True,False,False,True,True,False,True,True,False,False,False,True,False
EIF2B4,ENSG00000115211,HGNC:3260,eukaryotic translation initiation factor 2B subunit delta,606687,Q9UI10,True,True,True,False,False,False,False,False,False,False,False,False,False,False,False,False,True,False,False,False,True,False,True,True,False,False,False,True,False
EIF4A3,ENSG00000141543,HGNC:18683,eukaryotic translation initiation factor 4A3,608546,P38919,True,True,False,False,False,False,False,True,False,False,False,True,False,False,False,False,True,True,False,True,False,True,True,True,False,True,True,False,True
EIF4G1,ENSG00000114867,HGNC:3296,eukaryotic translation initiation factor 4 gamma 1,600495,Q04637,True,True,False,False,False,False,False,False,False,False,False,True,False,False,False,False,True,True,False,False,True,True,True,True,False,True,False,True,True
ELP4,ENSG00000109911,HGNC:1171,elongator acetyltransferase complex subunit 4,606985,Q96EB1,True,True,False,False,False,False,False,False,False,False,False,True,False,False,False,False,True,False,False,False,True,False,True,True,False,False,False,True,False
EPHX1,ENSG00000143819,HGNC:3401,epoxide hydrolase 1,132810,P07099,True,True,False,False,False,False,False,False,False,False,False,False,False,False,False,False,False,True,False,False,False,False,True,True,False,False,False,False,False
ERCC3,ENSG00000163161,HGNC:3435,"ERCC excision repair 3, TFIIH core complex helicase subunit",133510,P19447,True,True,True,False,False,False,False,True,False,False,True,False,False,False,False,False,True,False,False,False,True,False,True,True,False,False,False,True,False
ETF1,ENSG00000120705,HGNC:3477,eukaryotic translation termination factor 1,600285,P62495,True,True,False,False,False,False,False,False,False,False,False,True,False,False,False,False,True,False,False,False,False,True,True,True,False,False,False,False,False
ETFB,ENSG00000105379,HGNC:3482,electron transfer flavoprotein subunit beta,130410,P38117,True,True,True,False,False,False,False,False,False,False,False,False,False,False,False,False,True,True,False,False,True,True,True,True,False,True,False,True,True
ETHE1,ENSG00000105755,HGNC:23287,ETHE1 persulfide dioxygenase,608451,O95571,True,True,True,False,False,False,False,False,False,False,False,False,False,False,False,False,True,False,False,False,True,True,True,True,False,False,False,True,False
EXOSC3,ENSG00000107371,HGNC:17944,exosome component 3,606489,Q9NQT5,True,True,False,False,False,False,False,True,False,False,False,False,False,False,False,False,True,False,False,False,True,False,True,True,False,False,False,True,False
FADD,ENSG00000168040,HGNC:3573,Fas associated via death domain,602457,Q13158,True,True,False,False,False,False,False,False,False,False,False,False,False,False,False,False,True,False,False,False,True,True,True,True,False,False,False,True,False
FASN,ENSG00000169710,HGNC:3594,fatty acid synthase,600212,P49327,False,True,False,False,True,False,False,False,False,False,False,True,False,False,False,False,True,True,True,True,True,True,True,True,True,True,True,True,True
FHL1,ENSG00000022267,HGNC:3702,four and a half LIM domains 1,300163,Q13642,False,True,False,False,False,False,False,False,False,False,False,False,False,False,False,False,True,False,False,True,True,True,True,True,False,False,False,True,False
FKBP10,ENSG00000141756,HGNC:18169,FKBP prolyl isomerase 10,607063,Q96AY3,True,True,True,False,False,False,False,False,False,False,False,True,False,False,False,False,False,False,False,True,False,False,True,True,False,False,False,False,False
FLNA,ENSG00000196924,HGNC:3754,filamin A,300017,P21333,False,True,False,False,True,True,False,False,False,False,False,False,False,False,False,False,True,True,True,True,True,True,True,True,True,True,True,True,True
FLNB,ENSG00000136068,HGNC:3755,filamin B,603381,O75369,True,True,True,False,False,False,False,False,False,False,False,True,False,False,False,False,True,True,True,True,True,True,True,True,True,True,True,True,True
FLNC,ENSG00000128591,HGNC:3756,filamin C,102565,Q14315,True,True,False,True,False,False,False,False,False,False,False,False,False,False,False,False,False,True,False,True,True,True,True,True,False,False,False,False,True
FTL,ENSG00000087086,HGNC:3999,ferritin light chain,134790,P02792,True,True,False,True,False,False,False,False,False,False,False,False,False,False,False,True,False,True,False,False,False,True,True,True,False,False,False,False,True
FUS,ENSG00000089280,HGNC:4010,FUS RNA binding protein,137070,P35637,True,True,True,False,False,False,False,False,False,False,False,False,False,False,False,False,True,True,True,True,True,True,True,True,True,True,True,True,True
G6PC3,ENSG00000141349,HGNC:24861,glucose-6-phosphatase catalytic subunit 3,611045,Q9BUM1,True,True,True,False,False,False,False,False,False,False,False,False,False,False,False,False,True,False,False,False,False,False,True,True,False,False,False,False,False
G6PD,ENSG00000160211,HGNC:4057,glucose-6-phosphate dehydrogenase,305900,P11413,False,True,False,False,False,False,False,False,False,False,False,True,False,False,False,False,True,True,True,True,True,True,True,True,True,True,True,True,True
GALE,ENSG00000117308,HGNC:4116,UDP-galactose-4-epimerase,606953,Q14376,True,True,True,False,False,False,False,False,False,False,False,False,False,False,False,False,True,False,False,False,True,True,True,True,False,False,False,True,False
GAMT,ENSG00000130005,HGNC:4136,guanidinoacetate N-methyltransferase,601240,Q14353,True,True,True,False,False,False,False,False,False,False,False,False,False,False,False,False,True,False,False,True,True,False,True,True,False,False,False,True,False
GCDH,ENSG00000105607,HGNC:4189,glutaryl-CoA dehydrogenase,608801,Q92947,True,True,True,False,False,False,False,False,False,False,False,True,False,False,False,False,True,True,False,False,True,True,True,True,False,True,False,True,True
GDI1,ENSG00000203879,HGNC:4226,GDP dissociation inhibitor 1,300104,P31150,False,True,False,False,False,False,False,False,False,False,False,False,False,False,False,False,True,True,False,True,True,True,True,True,False,True,True,True,True
GLUD1,ENSG00000148672,HGNC:4335,glutamate dehydrogenase 1,138130,P00367,True,True,False,True,False,False,False,False,False,False,False,False,False,False,False,False,True,True,False,False,True,True,True,True,False,True,False,True,True
GLUL,ENSG00000135821,HGNC:4341,glutamate-ammonia ligase,138290,P15104,True,True,True,False,False,False,False,False,False,False,False,False,False,False,False,False,False,False,False,True,True,True,True,True,False,False,False,False,False
GMPPA,ENSG00000144591,HGNC:22923,GDP-mannose pyrophosphorylase A,615495,Q96IJ6,True,True,False,False,False,False,False,False,False,False,False,False,False,False,False,False,True,False,False,False,True,True,True,True,False,False,False,True,False
GNAI2,ENSG00000114353,HGNC:4385,G protein subunit alpha i2,139360,P04899,True,True,False,False,False,False,False,False,False,False,False,True,False,False,False,False,True,False,False,False,True,False,True,True,False,False,False,True,False
GNPAT,ENSG00000116906,HGNC:4416,glyceronephosphate O-acyltransferase,602744,O15228,True,True,True,False,False,False,False,False,False,False,False,False,False,False,False,False,True,False,False,False,False,False,True,True,False,False,False,False,False
GPI,ENSG00000105220,HGNC:4458,glucose-6-phosphate isomerase,172400,P06744,True,True,False,True,False,False,False,False,False,False,False,False,False,False,False,False,True,True,False,True,True,True,True,True,False,True,True,True,True
GPX4,ENSG00000167468,HGNC:4556,glutathione peroxidase 4,138322,P36969,True,True,False,False,False,False,False,False,False,False,False,True,False,False,False,False,True,False,False,False,True,True,True,True,False,False,False,True,False
HADH,ENSG00000138796,HGNC:4799,hydroxyacyl-CoA dehydrogenase,601609,Q16836,True,True,True,False,False,False,False,False,False,False,False,False,False,False,False,False,True,True,False,True,True,True,True,True,False,True,True,True,True
HADHA,ENSG00000084754,HGNC:4801,hydroxyacyl-CoA dehydrogenase trifunctional multienzyme complex subunit alpha,600890,P40939,True,True,True,False,False,False,False,False,False,False,False,False,False,False,False,False,True,True,False,False,True,True,True,True,False,True,False,True,True
HADHB,ENSG00000138029,HGNC:4803,hydroxyacyl-CoA dehydrogenase trifunctional multienzyme complex subunit beta,143450,P55084,True,True,True,False,False,False,False,False,False,False,False,False,False,False,False,False,True,True,True,False,True,True,True,True,False,True,False,True,True
HBA1,ENSG00000206172,HGNC:4823,hemoglobin subunit alpha 1,141800,P69905,True,True,False,True,False,False,False,False,False,False,False,True,False,False,False,True,False,True,False,False,False,True,True,True,False,False,False,False,True
HBA2,ENSG00000188536,HGNC:4824,hemoglobin subunit alpha 2,141850,P69905,True,True,False,True,False,False,False,False,False,False,False,True,False,False,False,False,False,True,False,False,False,True,True,True,False,False,False,False,True
HCCS,ENSG00000004961,HGNC:4837,holocytochrome c synthase,300056,P53701,False,True,False,False,True,True,False,False,False,False,False,False,False,False,False,False,True,False,False,False,False,False,True,True,False,False,False,False,False
HCFC1,ENSG00000172534,HGNC:4839,host cell factor C1,300019,P51610,False,True,False,False,False,False,False,True,False,False,False,False,False,False,False,False,True,True,False,True,True,True,True,True,False,True,True,True,True
HINT1,ENSG00000169567,HGNC:4912,histidine triad nucleotide binding protein 1,601314,P49773,True,True,False,False,False,False,False,False,False,False,False,True,False,False,False,False,True,True,False,True,True,True,True,True,False,True,True,True,True
HMBS,ENSG00000256269,HGNC:4982,hydroxymethylbilane synthase,609806,P08397,True,True,False,True,False,False,False,False,False,False,False,False,False,False,False,False,False,True,False,False,True,True,True,True,False,False,False,False,True
HMGB3,ENSG00000029993,HGNC:5004,high mobility group box 3,300193,O15347,False,True,False,False,False,False,False,False,False,False,False,False,False,False,False,False,True,True,False,True,False,True,True,True,False,True,True,False,True
HNRNPA1,ENSG00000135486,HGNC:5031,heterogeneous nuclear ribonucleoprotein A1,164017,P09651,True,True,False,False,False,False,False,False,False,False,False,True,False,False,False,False,True,True,False,True,True,True,True,True,False,True,True,True,True
HNRNPDL,ENSG00000152795,HGNC:5037,heterogeneous nuclear ribonucleoprotein D like,607137,O14979,True,True,False,False,False,False,False,False,False,False,False,False,False,False,False,False,True,True,True,False,True,True,True,True,False,True,False,True,True
HPGD,ENSG00000164120,HGNC:5154,15-hydroxyprostaglandin dehydrogenase,601688,P15428,True,True,True,False,False,False,False,False,False,False,False,False,False,False,False,False,True,True,False,False,False,False,True,True,False,True,False,False,False
HPRT1,ENSG00000165704,HGNC:5157,hypoxanthine phosphoribosyltransferase 1,308000,P00492,False,True,False,False,True,False,False,False,False,False,False,False,False,False,False,True,True,True,False,True,True,True,True,True,False,True,True,True,True
HSD17B4,ENSG00000133835,HGNC:5213,hydroxysteroid 17-beta dehydrogenase 4,601860,P51659,True,True,True,False,False,False,False,False,False,False,False,True,False,False,False,False,True,False,False,False,False,False,True,True,False,False,False,False,False
HSD17B10,ENSG00000072506,HGNC:4800,hydroxysteroid 17-beta dehydrogenase 10,300256,Q99714,False,True,False,False,False,False,False,True,False,False,False,False,False,False,False,False,True,True,True,True,True,True,True,True,True,True,True,True,True
HSPD1,ENSG00000144381,HGNC:5261,heat shock protein family D (Hsp60) member 1,118190,P10809,True,True,False,False,False,False,False,True,False,False,False,False,False,False,False,False,True,True,True,True,True,True,True,True,True,True,True,True,True
HUWE1,ENSG00000086758,HGNC:30892,"HECT, UBA and WWE domain containing E3 ubiquitin protein ligase 1",300697,Q7Z6Z7,False,True,False,False,False,False,False,True,False,False,False,True,False,False,False,False,True,True,False,True,True,True,True,True,False,True,True,True,True
IARS2,ENSG00000067704,HGNC:29685,"isoleucyl-tRNA synthetase 2, mitochondrial",612801,Q9NSE4,True,True,False,False,False,False,False,False,False,False,False,False,False,False,False,False,True,True,False,False,True,True,True,True,False,True,False,True,True
IBA57,ENSG00000181873,HGNC:27302,iron-sulfur cluster assembly factor IBA57,615316,Q5T440,True,True,False,False,False,False,False,False,False,False,False,False,False,False,False,False,True,True,False,False,True,True,True,True,False,True,False,True,True
IDH1,ENSG00000138413,HGNC:5382,isocitrate dehydrogenase (NADP(+)) 1,147700,O75874,False,True,False,False,False,False,False,False,False,False,False,False,False,False,False,False,True,True,False,True,True,True,True,True,False,True,True,True,True
IDH2,ENSG00000182054,HGNC:5383,isocitrate dehydrogenase (NADP(+)) 2,147650,P48735,True,True,False,True,False,False,False,False,False,False,False,False,False,False,False,False,True,True,False,False,True,True,True,True,False,True,False,True,True
IDH3B,ENSG00000101365,HGNC:5385,isocitrate dehydrogenase (NAD(+)) 3 non-catalytic subunit beta,604526,O43837,True,True,True,False,False,False,False,False,False,False,False,False,False,False,False,False,True,True,True,False,True,True,True,True,False,True,False,True,True
IMPDH2,ENSG00000178035,HGNC:6053,inosine monophosphate dehydrogenase 2,146691,P12268,True,True,False,False,False,False,False,False,False,False,False,False,False,False,False,False,True,True,False,True,True,True,True,True,False,True,True,True,True
INF2,ENSG00000203485,HGNC:23791,inverted formin 2,610982,Q27J81,True,True,False,True,False,False,False,False,False,False,False,False,False,False,False,False,True,False,False,False,True,False,True,True,False,False,False,True,False
IRF4,ENSG00000137265,HGNC:6119,interferon regulatory factor 4,601900,Q15306,False,True,False,False,False,False,False,False,False,False,False,True,False,False,False,False,False,True,False,False,True,False,True,True,False,False,False,False,False
ISCU,ENSG00000136003,HGNC:29882,iron-sulfur cluster assembly enzyme,611911,Q9H1K1,True,True,False,False,False,False,False,True,False,False,False,True,False,False,False,False,True,False,False,False,True,True,True,True,False,False,False,True,False
ITCH,ENSG00000078747,HGNC:13890,itchy E3 ubiquitin protein ligase,606409,Q96J02,True,True,True,False,False,False,False,False,False,False,False,False,False,False,False,False,False,False,False,True,False,False,True,True,False,False,False,False,False
JUP,ENSG00000173801,HGNC:6207,junction plakoglobin,173325,P14923,True,True,False,False,False,False,False,False,False,False,False,True,False,False,False,False,True,False,True,False,True,False,True,True,False,False,False,True,False
KANSL1,ENSG00000120071,HGNC:24565,KAT8 regulatory NSL complex subunit 1,612452,Q7Z3B3,True,True,False,False,True,True,False,False,False,False,False,True,False,False,False,False,True,False,False,False,False,False,True,True,False,False,False,False,False
KIF11,ENSG00000138160,HGNC:6388,kinesin family member 11,148760,P52732,True,True,False,False,True,False,False,True,False,False,False,False,False,False,False,False,False,False,False,True,True,False,True,True,False,False,False,False,False
KIF22,ENSG00000079616,HGNC:6391,kinesin family member 22,603213,Q14807,True,True,False,False,False,False,False,False,False,False,False,False,False,False,False,False,True,False,False,False,False,False,True,True,False,False,False,False,False
KRT8,ENSG00000170421,HGNC:6446,keratin 8,148060,P05787,True,True,True,False,False,False,False,False,False,False,False,True,False,False,False,False,False,True,True,False,False,True,True,True,False,False,False,False,True
KRT10,ENSG00000186395,HGNC:6413,keratin 10,148080,P13645,True,True,False,True,False,False,False,False,False,False,False,False,False,False,False,False,True,False,False,False,False,False,True,True,False,False,False,False,False
KRT16,ENSG00000186832,HGNC:6423,keratin 16,148067,P08779,True,True,False,True,False,False,False,False,False,False,False,False,False,False,False,False,True,False,False,False,False,False,True,True,False,False,False,False,False
KRT17,ENSG00000128422,HGNC:6427,keratin 17,148069,Q04695,True,True,False,True,False,False,False,False,False,False,False,False,False,False,False,False,True,False,True,False,True,False,True,True,False,False,False,True,False
L2HGDH,ENSG00000087299,HGNC:20499,L-2-hydroxyglutarate dehydrogenase,609584,Q9H9P8,True,True,True,False,False,False,False,False,False,False,False,False,False,False,False,False,True,False,False,False,True,False,True,True,False,False,False,True,False
LARS2,ENSG00000011376,HGNC:17095,"leucyl-tRNA synthetase 2, mitochondrial",604544,Q15031,True,True,False,False,False,False,False,False,False,False,False,True,False,False,False,False,True,False,False,False,True,False,True,True,False,False,False,True,False
LBR,ENSG00000143815,HGNC:6518,lamin B receptor,600024,Q14739,True,True,True,True,False,False,False,False,False,False,False,False,False,False,False,False,False,True,False,False,False,False,True,True,False,False,False,False,False
LDHA,ENSG00000134333,HGNC:6535,lactate dehydrogenase A,150000,P00338,True,True,True,False,False,False,False,False,False,False,False,True,False,False,False,False,True,True,False,True,True,True,True,True,False,True,True,True,True
LDHB,ENSG00000111716,HGNC:6541,lactate dehydrogenase B,150100,P07195,True,True,False,False,False,False,False,False,False,False,False,False,False,False,False,False,True,True,True,True,True,True,True,True,True,True,True,True,True
LMNA,ENSG00000160789,HGNC:6636,lamin A/C,150330,P02545,True,True,False,False,False,False,False,False,False,False,False,False,False,False,False,False,False,True,True,True,True,True,True,True,False,False,False,False,True
LRBA,ENSG00000198589,HGNC:1742,LPS responsive beige-like anchor protein,606453,P50851,True,True,False,False,False,False,False,False,False,False,False,True,False,False,False,False,True,False,False,False,True,False,True,True,False,False,False,True,False
LRPAP1,ENSG00000163956,HGNC:6701,LDL receptor related protein associated protein 1,104225,P30533,True,True,False,False,False,False,False,False,False,False,False,False,False,False,False,False,False,True,False,True,False,True,True,True,False,False,False,False,True
LRPPRC,ENSG00000138095,HGNC:15714,leucine rich pentatricopeptide repeat containing,607544,P42704,True,True,True,False,False,False,False,False,False,False,False,True,False,False,False,False,True,True,True,False,True,True,True,True,False,True,False,True,True
LYRM7,ENSG00000186687,HGNC:28072,LYR motif containing 7,615831,Q5U5X0,True,True,False,False,False,False,False,False,False,False,False,True,False,False,False,False,True,True,False,False,True,True,True,True,False,True,False,True,True
LZTFL1,ENSG00000163818,HGNC:6741,leucine zipper transcription factor like 1,606568,Q9NQ48,True,True,False,False,False,False,False,False,False,False,False,False,False,False,False,False,False,True,False,False,False,True,True,True,False,False,False,False,True
MAPT,ENSG00000186868,HGNC:6893,microtubule associated protein tau,157140,P10636,True,True,False,True,False,False,False,False,False,False,False,True,False,False,False,False,False,False,False,True,False,False,True,True,False,False,False,False,False
MCCC2,ENSG00000131844,HGNC:6937,methylcrotonoyl-CoA carboxylase 2,609014,Q9HCC0,True,True,True,False,False,False,False,False,False,False,False,False,False,False,False,False,True,False,False,False,True,True,True,True,False,False,False,True,False
MCM4,ENSG00000104738,HGNC:6947,minichromosome maintenance complex component 4,602638,P33991,True,True,False,False,False,False,False,True,False,False,False,True,False,False,False,False,True,True,True,True,True,True,True,True,True,True,True,True,True
MCM6,ENSG00000076003,HGNC:6949,minichromosome maintenance complex component 6,601806,Q14566,True,True,False,False,False,False,False,False,False,False,False,True,False,False,False,False,True,False,False,False,True,True,True,True,False,False,False,True,False
MED17,ENSG00000042429,HGNC:2375,mediator complex subunit 17,603810,Q9NVC6,True,True,True,False,False,False,False,False,False,False,False,False,False,False,False,False,True,False,False,False,True,True,True,True,False,False,False,True,False
MED25,ENSG00000104973,HGNC:28845,mediator complex subunit 25,610197,Q71SY5,True,True,True,False,False,False,False,False,False,False,False,False,False,False,False,False,True,False,False,False,True,False,True,True,False,False,False,True,False
MGME1,ENSG00000125871,HGNC:16205,mitochondrial genome maintenance exonuclease 1,615076,Q9BQP7,True,True,False,False,False,False,False,False,False,False,False,False,False,False,False,False,True,False,False,False,True,False,True,True,False,False,False,True,False
MLH1,ENSG00000076242,HGNC:7127,mutL homolog 1,120436,P40692,True,True,False,True,True,False,False,False,False,False,True,False,False,False,False,False,True,False,False,False,True,False,True,True,False,False,False,True,False
MMAB,ENSG00000139428,HGNC:19331,metabolism of cobalamin associated B,607568,Q96EY8,True,True,True,False,False,False,False,False,False,False,False,True,False,False,False,False,True,False,False,False,True,False,True,True,False,False,False,True,False
MOCS1,ENSG00000124615,HGNC:7190,molybdenum cofactor synthesis 1,603707,Q9NZB8,True,True,True,False,False,False,False,False,False,False,False,False,False,False,False,False,True,False,False,False,False,False,True,True,False,False,False,False,False
MRI1,ENSG00000037757,HGNC:28469,methylthioribose-1-phosphate isomerase 1,615105,Q9BV20,False,True,False,False,False,False,False,False,False,False,False,False,False,False,False,False,True,False,False,True,True,False,True,True,False,False,False,True,False
MTAP,ENSG00000099810,HGNC:7413,methylthioadenosine phosphorylase,156540,Q13126,False,True,False,False,False,False,False,False,False,False,False,True,False,False,False,False,False,True,False,False,True,False,True,True,False,False,False,False,False
MTM1,ENSG00000171100,HGNC:7448,myotubularin 1,300415,Q13496,False,True,False,False,True,False,False,False,False,False,False,False,False,False,False,False,True,False,False,False,True,False,True,True,False,False,False,True,False
MYH9,ENSG00000100345,HGNC:7579,myosin heavy chain 9,160775,P35579,True,True,False,True,False,False,False,False,False,False,False,True,False,False,False,False,True,True,True,True,True,True,True,True,True,True,True,True,True
MYO1A,ENSG00000166866,HGNC:7595,myosin IA,601478,Q9UBC5,False,True,False,True,False,False,True,False,False,False,False,False,False,False,False,False,True,False,False,False,False,False,True,True,False,False,False,False,False
NADK2,ENSG00000152620,HGNC:26404,"NAD kinase 2, mitochondrial",615787,Q4G0N4,True,True,False,False,False,False,False,False,False,False,False,False,False,False,False,False,False,True,False,False,True,True,True,True,False,False,False,False,True
NDRG1,ENSG00000104419,HGNC:7679,N-myc downstream regulated 1,605262,Q92597,True,True,True,False,False,False,False,False,False,False,False,True,False,False,False,False,True,True,True,True,True,True,True,True,True,True,True,True,True
NEFL,ENSG00000277586,HGNC:7739,neurofilament light,162280,P07196,True,True,False,True,False,False,False,False,False,False,False,False,False,False,False,False,False,False,False,True,False,False,True,True,False,False,False,False,False
NF1,ENSG00000196712,HGNC:7765,neurofibromin 1,613113,P21359,True,True,False,True,True,False,False,False,False,False,False,False,False,False,False,False,True,False,False,False,False,False,True,True,False,False,False,False,False
NHP2,ENSG00000145912,HGNC:14377,NHP2 ribonucleoprotein,606470,Q9NX24,True,True,True,False,False,False,False,True,False,False,False,False,False,False,False,False,True,False,False,False,True,False,True,True,False,False,False,True,False
NOP56,ENSG00000101361,HGNC:15911,NOP56 ribonucleoprotein,614154,O00567,True,True,False,False,False,False,False,True,False,False,False,False,False,False,False,False,True,False,True,False,True,False,True,True,False,False,False,True,False
NPC2,ENSG00000119655,HGNC:14537,NPC intracellular cholesterol transporter 2,601015,P61916,True,True,True,False,False,False,False,False,False,False,False,True,False,False,False,False,False,True,False,False,False,True,True,True,False,False,False,False,True
NPM1,ENSG00000181163,HGNC:7910,nucleophosmin 1,164040,P06748,True,True,False,False,False,False,False,False,False,False,False,False,False,False,True,False,True,True,True,True,False,True,True,True,True,True,True,False,True
NR2F2,ENSG00000185551,HGNC:7976,nuclear receptor subfamily 2 group F member 2,107773,P24468,True,True,False,False,False,False,False,False,False,False,False,False,False,False,False,False,True,False,False,False,True,False,True,True,False,False,False,True,False
NT5E,ENSG00000135318,HGNC:8021,5'-nucleotidase ecto,129190,P21589,True,True,True,False,False,False,False,False,False,False,False,False,False,False,False,False,False,True,False,False,False,True,True,True,False,False,False,False,True
NUP155,ENSG00000113569,HGNC:8063,nucleoporin 155,606694,O75694,True,True,False,False,False,False,False,True,False,False,False,False,False,False,False,False,True,False,True,False,True,False,True,True,False,False,False,True,False
OAT,ENSG00000065154,HGNC:8091,ornithine aminotransferase,613349,P04181,True,True,True,False,False,False,False,False,False,False,False,False,False,False,False,False,True,True,False,False,True,True,True,True,False,True,False,True,True
OPA1,ENSG00000198836,HGNC:8140,OPA1 mitochondrial dynamin like GTPase,605290,O60313,True,True,False,True,False,False,False,False,False,False,False,True,False,False,False,False,False,True,False,False,False,False,True,True,False,False,False,False,False
OXCT1,ENSG00000083720,HGNC:8527,3-oxoacid CoA-transferase 1,601424,P55809,True,True,True,False,False,False,False,False,False,False,False,False,False,False,False,False,True,False,False,False,True,True,True,True,False,False,False,True,False
PABPN1,ENSG00000100836,HGNC:8565,poly(A) binding protein nuclear 1,602279,Q86U42,False,True,False,False,False,False,False,False,False,False,False,False,False,False,False,False,True,False,False,True,True,True,True,True,False,False,False,True,False
PAFAH1B1,ENSG00000007168,HGNC:8574,platelet activating factor acetylhydrolase 1b regulatory subunit 1,601545,P43034,True,True,False,True,True,True,False,True,False,False,False,True,False,False,False,False,False,True,False,False,True,True,True,True,False,False,False,False,True
PAPOLA,ENSG00000090060,HGNC:14981,poly(A) polymerase alpha,605553,P51003,False,True,False,False,False,False,False,False,False,False,False,False,False,False,False,False,False,True,False,True,True,True,True,True,False,False,False,False,True
PAPSS2,ENSG00000198682,HGNC:8604,3'-phosphoadenosine 5'-phosphosulfate synthase 2,603005,O95340,True,True,True,False,False,False,False,False,False,False,False,False,False,False,False,False,True,False,False,False,True,True,True,True,False,False,False,True,False
PARK7,ENSG00000116288,HGNC:16369,Parkinsonism associated deglycase,602533,Q99497,True,True,True,False,False,False,False,False,False,False,False,True,False,False,False,False,True,True,False,False,True,True,True,True,False,True,False,True,True
PCNA,ENSG00000132646,HGNC:8729,proliferating cell nuclear antigen,176740,P12004,True,True,False,False,False,False,False,True,False,False,True,False,False,False,False,False,True,True,True,True,True,True,True,True,True,True,True,True,True
PDCD10,ENSG00000114209,HGNC:8761,programmed cell death 10,609118,Q9BUL8,True,True,False,True,False,False,False,False,False,False,False,True,False,False,False,False,False,True,False,False,False,True,True,True,False,False,False,False,True
PDHA1,ENSG00000131828,HGNC:8806,pyruvate dehydrogenase E1 subunit alpha 1,300502,P08559,False,True,False,False,True,False,False,False,False,False,False,False,False,False,False,False,True,True,True,False,True,True,True,True,False,True,False,True,True
PDHB,ENSG00000168291,HGNC:8808,pyruvate dehydrogenase E1 subunit beta,179060,P11177,True,True,True,False,False,False,False,False,False,False,False,True,False,False,False,False,True,True,False,False,True,False,True,True,False,True,False,True,False
PDSS1,ENSG00000148459,HGNC:17759,decaprenyl diphosphate synthase subunit 1,607429,Q5T2R2,True,True,True,False,False,False,False,False,False,False,False,False,False,False,False,False,True,False,False,False,True,False,True,True,False,False,False,True,False
PDSS2,ENSG00000164494,HGNC:23041,decaprenyl diphosphate synthase subunit 2,610564,Q86YH6,True,True,True,False,False,False,False,False,False,False,False,True,False,False,False,False,True,False,False,False,True,False,True,True,False,False,False,True,False
PEX19,ENSG00000162735,HGNC:9713,peroxisomal biogenesis factor 19,600279,P40855,False,True,True,False,False,False,False,False,False,False,False,False,False,False,False,False,True,False,False,False,True,False,True,True,False,False,False,True,False
PFKM,ENSG00000152556,HGNC:8877,"phosphofructokinase, muscle",610681,P08237,True,True,True,False,False,False,False,False,False,False,False,True,False,False,False,False,False,True,True,True,True,True,True,True,False,False,False,False,True
PGK1,ENSG00000102144,HGNC:8896,phosphoglycerate kinase 1,311800,P00558,False,True,False,False,True,False,False,True,False,False,False,False,False,False,False,False,True,True,True,True,True,True,True,True,True,True,True,True,True
PHGDH,ENSG00000092621,HGNC:8923,phosphoglycerate dehydrogenase,606879,O43175,True,True,True,False,False,False,False,False,False,False,False,True,False,False,False,False,True,True,True,False,True,False,True,True,False,True,False,True,False
PLEC,ENSG00000178209,HGNC:9069,plectin,601282,Q15149,True,True,True,False,False,False,False,False,False,False,False,True,False,False,False,False,True,True,True,False,True,True,True,True,False,True,False,True,True
PLOD3,ENSG00000106397,HGNC:9083,"procollagen-lysine,2-oxoglutarate 5-dioxygenase 3",603066,O60568,True,True,True,False,False,False,False,False,False,False,False,False,False,False,False,False,True,True,False,False,True,True,True,True,False,True,False,True,True
PMPCA,ENSG00000165688,HGNC:18667,"peptidase, mitochondrial processing subunit alpha",613036,Q10713,True,True,False,False,False,False,False,True,False,False,False,True,False,False,False,False,True,False,False,False,True,False,True,True,False,False,False,True,False
PNPO,ENSG00000108439,HGNC:30260,pyridoxamine 5'-phosphate oxidase,603287,Q9NVS9,True,True,True,False,False,False,False,False,False,False,False,False,False,False,False,False,True,True,False,True,True,True,True,True,False,True,True,True,True
PPIB,ENSG00000166794,HGNC:9255,peptidylprolyl isomerase B,123841,P23284,True,True,True,False,False,False,False,False,False,False,False,False,False,False,False,False,True,True,False,False,True,True,True,True,False,True,False,True,True
PQBP1,ENSG00000102103,HGNC:9330,polyglutamine binding protein 1,300463,O60828,False,True,False,False,True,False,False,False,False,False,False,False,False,False,False,False,True,False,False,True,True,True,True,True,False,False,False,True,False
PRKAR1A,ENSG00000108946,HGNC:9388,protein kinase cAMP-dependent type I regulatory subunit alpha,188830,P10644,True,True,False,False,False,False,False,False,False,False,False,True,False,False,False,False,True,True,False,False,True,True,True,True,False,True,False,True,True
PRKDC,ENSG00000253729,HGNC:9413,"protein kinase, DNA-activated, catalytic subunit",600899,P78527,True,True,False,False,False,False,False,False,False,True,True,True,False,False,False,False,True,False,True,True,True,True,True,True,False,False,False,True,False
PRPF3,ENSG00000117360,HGNC:17348,pre-mRNA processing factor 3,607301,O43395,True,True,False,True,False,False,False,False,False,False,False,True,False,False,False,False,False,True,False,False,False,True,True,True,False,False,False,False,True
PRPF6,ENSG00000101161,HGNC:15860,pre-mRNA processing factor 6,613979,O94906,True,True,False,False,False,False,False,False,False,False,False,False,False,False,False,False,True,False,False,False,True,True,True,True,False,False,False,True,False
PRPF8,ENSG00000174231,HGNC:17340,pre-mRNA processing factor 8,607300,Q6P2Q9,True,True,False,True,False,False,False,True,False,False,False,True,False,False,False,False,True,False,True,True,True,True,True,True,False,False,False,True,False
PRPS1,ENSG00000147224,HGNC:9462,phosphoribosyl pyrophosphate synthetase 1,311850,P60891,False,True,False,False,True,False,False,False,False,False,False,False,False,False,False,False,True,True,False,True,True,True,True,True,False,True,True,True,True
PSAP,ENSG00000197746,HGNC:9498,prosaposin,176801,P07602,True,True,True,False,False,False,False,False,False,False,False,True,False,False,False,False,False,True,False,False,True,True,True,True,False,False,False,False,True
PSAT1,ENSG00000135069,HGNC:19129,phosphoserine aminotransferase 1,610936,Q9Y617,True,True,True,False,False,False,False,False,False,False,False,False,False,False,False,False,True,True,False,True,True,True,True,True,False,True,True,True,True
PSMA7,ENSG00000101182,HGNC:9536,proteasome 20S subunit alpha 7,606607,O14818,False,True,True,False,False,False,False,True,False,False,False,True,False,False,False,False,True,True,False,True,True,True,True,True,False,True,True,True,True
PSMB8,ENSG00000204264,HGNC:9545,proteasome 20S subunit beta 8,177046,P28062,True,True,False,False,False,False,False,False,False,False,False,True,False,False,False,False,True,False,False,False,True,False,True,True,False,False,False,True,False
PTPN11,ENSG00000179295,HGNC:9644,protein tyrosine phosphatase non-receptor type 11,176876,Q06124,True,True,False,True,True,False,False,False,False,False,False,True,False,False,False,False,True,True,False,True,True,True,True,True,False,True,True,True,True
PTRH2,ENSG00000141378,HGNC:24265,peptidyl-tRNA hydrolase 2,608625,Q9Y3E5,True,True,False,False,False,False,False,False,False,False,False,False,False,False,False,False,False,True,False,False,False,False,True,True,False,False,False,False,False
PYCR1,ENSG00000183010,HGNC:9721,pyrroline-5-carboxylate reductase 1,179035,P32322,True,True,True,False,False,False,False,False,False,False,False,False,False,False,False,False,True,True,False,False,True,True,True,True,False,True,False,True,True
PYGL,ENSG00000100504,HGNC:9725,glycogen phosphorylase L,613741,P06737,True,True,True,False,False,False,False,False,False,False,False,True,False,False,False,False,False,False,False,True,True,True,True,True,False,False,False,False,False
QDPR,ENSG00000151552,HGNC:9752,quinoid dihydropteridine reductase,612676,P09417,True,True,True,False,False,False,False,False,False,False,False,False,False,False,False,False,False,True,False,False,True,True,True,True,False,False,False,False,True
RAB3GAP1,ENSG00000115839,HGNC:17063,RAB3 GTPase activating protein catalytic subunit 1,602536,Q15042,True,True,False,False,False,False,False,False,False,False,False,True,False,False,False,False,False,True,False,False,True,True,True,True,False,False,False,False,True
RAB7A,ENSG00000075785,HGNC:9788,"RAB7A, member RAS oncogene family",602298,P51149,True,True,False,True,False,False,False,False,False,False,False,True,False,False,False,False,True,True,False,True,True,True,True,True,False,True,True,True,True
RAB18,ENSG00000099246,HGNC:14244,"RAB18, member RAS oncogene family",602207,Q9NP72,True,True,False,False,False,False,False,False,False,False,False,False,False,False,False,False,True,True,False,False,False,True,True,True,False,True,False,False,True
RAB28,ENSG00000157869,HGNC:9768,"RAB28, member RAS oncogene family",612994,P51157,True,True,False,False,False,False,False,False,False,False,False,False,False,False,False,False,True,False,False,False,False,False,True,True,False,False,False,False,False
RAF1,ENSG00000132155,HGNC:9829,"Raf-1 proto-oncogene, serine/threonine kinase",164760,P04049,True,True,False,True,False,False,False,False,False,False,False,False,False,False,False,False,True,False,False,False,True,True,True,True,False,False,False,True,False
RARS2,ENSG00000146282,HGNC:21406,"arginyl-tRNA synthetase 2, mitochondrial",611524,Q5T160,True,True,True,False,False,False,False,True,False,False,False,False,False,False,False,False,True,False,False,False,True,False,True,True,False,False,False,True,False
RB1,ENSG00000139687,HGNC:9884,RB transcriptional corepressor 1,614041,P06400,True,True,False,True,True,False,False,False,False,False,False,True,False,False,False,False,True,False,False,True,True,True,True,True,False,False,False,True,False
RBM8A,ENSG00000265241,HGNC:9905,RNA binding motif protein 8A,605313,Q9Y5S9,True,True,False,False,False,False,False,True,False,False,False,True,False,False,False,False,True,False,True,False,True,False,True,True,False,False,False,True,False
RBPJ,ENSG00000168214,HGNC:5724,recombination signal binding protein for immunoglobulin kappa J region,147183,Q06330,True,True,False,False,False,False,False,False,False,False,False,False,False,False,False,False,True,False,False,True,True,True,True,True,False,False,False,True,False
RDX,ENSG00000137710,HGNC:9944,radixin,179410,P35241,True,True,True,False,False,False,False,False,False,False,False,False,False,False,False,False,True,True,True,True,False,True,True,True,True,True,True,False,True
RNF2,ENSG00000121481,HGNC:10061,ring finger protein 2,608985,Q99496,False,True,False,False,False,False,False,False,False,False,False,False,False,False,False,False,True,False,False,False,True,True,True,True,False,False,False,True,False
RPL5,ENSG00000122406,HGNC:10360,ribosomal protein L5,603634,P46777,True,True,False,True,False,False,False,False,False,False,False,False,False,False,False,False,True,True,True,True,True,True,True,True,True,True,True,True,True
RPL11,ENSG00000142676,HGNC:10301,ribosomal protein L11,604175,P62913,True,True,False,True,False,False,False,True,False,False,False,False,False,False,False,False,True,True,False,False,True,True,True,True,False,True,False,True,True
RPL21,ENSG00000122026,HGNC:10313,ribosomal protein L21,603636,P46778,True,True,False,False,False,False,False,False,False,False,False,False,False,False,False,False,False,True,True,True,False,True,True,True,False,False,False,False,True
RPS6KA3,ENSG00000177189,HGNC:10432,ribosomal protein S6 kinase A3,300075,P51812,False,True,False,False,True,False,False,False,False,False,False,False,False,False,False,False,True,True,False,False,True,True,True,True,False,True,False,True,True
RPS19,ENSG00000105372,HGNC:10402,ribosomal protein S19,603474,P39019,True,True,False,True,True,False,False,True,False,False,False,False,False,False,False,False,False,True,False,True,False,True,True,True,False,False,False,False,True
RPS24,ENSG00000138326,HGNC:10411,ribosomal protein S24,602412,P62847,True,True,False,True,True,False,False,False,False,False,False,False,False,False,False,False,False,True,True,True,False,True,True,True,False,False,False,False,True
SARS2,ENSG00000104835,HGNC:17697,"seryl-tRNA synthetase 2, mitochondrial",612804,Q9NP81,True,True,False,False,False,False,False,True,False,False,False,False,False,False,False,False,True,True,False,False,True,True,True,True,False,True,False,True,True
SBDS,ENSG00000126524,HGNC:19440,SBDS ribosome maturation factor,607444,Q9Y3A5,True,True,True,False,False,False,False,False,False,False,False,False,False,False,False,False,False,True,False,True,False,True,True,True,False,False,False,False,True
SDHC,ENSG00000143252,HGNC:10682,succinate dehydrogenase complex subunit C,602413,Q99643,True,True,False,True,True,False,False,True,False,False,False,False,False,False,False,False,True,False,False,False,False,False,True,True,False,False,False,False,False
SEC23A,ENSG00000100934,HGNC:10701,"Sec23 homolog A, COPII coat complex component",610511,Q15436,True,True,True,False,False,False,False,False,False,False,False,True,False,False,False,False,False,True,False,True,False,True,True,True,False,False,False,False,True
SERPINE1,ENSG00000106366,HGNC:8583,serpin family E member 1,173360,P05121,True,True,True,True,False,False,False,False,False,False,False,True,False,False,False,False,False,True,False,False,False,True,True,True,False,False,False,False,True
SERPINH1,ENSG00000149257,HGNC:1546,serpin family H member 1,600943,P50454,True,True,False,False,False,False,False,False,False,False,False,True,False,False,False,False,True,True,False,False,True,True,True,True,False,True,False,True,True
SETD5,ENSG00000168137,HGNC:25566,SET domain containing 5,615743,Q9C0A6,True,True,False,False,True,True,False,False,False,False,False,False,False,False,False,False,False,True,False,False,False,True,True,True,False,False,False,False,True
SHOC2,ENSG00000108061,HGNC:15454,SHOC2 leucine rich repeat scaffold protein,602775,Q9UQ13,True,True,False,True,False,False,False,False,False,False,False,False,False,False,False,False,False,True,False,False,True,False,True,True,False,False,False,False,False
SIX6,ENSG00000184302,HGNC:10892,SIX homeobox 6,606326,O95475,True,True,True,False,False,False,False,False,True,False,False,True,False,False,False,False,True,False,False,False,False,False,True,True,False,False,False,False,False
SLC25A4,ENSG00000151729,HGNC:10990,solute carrier family 25 member 4,103220,P12235,True,True,False,True,False,False,False,False,False,False,False,False,False,False,False,True,False,True,True,False,False,False,True,True,False,False,False,False,False
SLC25A22,ENSG00000177542,HGNC:19954,solute carrier family 25 member 22,609302,Q9H936,True,True,True,False,False,False,False,False,False,False,False,True,False,False,False,False,False,True,False,False,False,False,True,True,False,False,False,False,False
SMAD3,ENSG00000166949,HGNC:6769,SMAD family member 3,603109,P84022,True,True,False,False,True,False,False,False,False,False,False,True,False,False,False,False,False,True,False,True,False,True,True,True,False,False,False,False,True
SMAD4,ENSG00000141646,HGNC:6770,SMAD family member 4,600993,Q13485,True,True,False,True,True,False,False,False,False,False,False,True,False,False,False,False,False,True,False,False,False,True,True,True,False,False,False,False,True
SMARCA4,ENSG00000127616,HGNC:11100,"SWI/SNF related, matrix associated, actin dependent regulator of chromatin, subfamily a, member 4",603254,P51532,True,True,False,True,False,False,False,False,False,False,False,True,False,False,False,False,True,True,False,False,False,True,True,True,False,True,False,False,True
SMARCAD1,ENSG00000163104,HGNC:18398,"SWI/SNF-related, matrix-associated actin-dependent regulator of chromatin, subfamily a, containing DEAD/H box 1",612761,Q9H4L7,True,True,False,True,False,False,False,False,False,False,False,True,False,False,False,False,True,False,False,False,True,False,True,True,False,False,False,True,False
SMC1A,ENSG00000072501,HGNC:11111,structural maintenance of chromosomes 1A,300040,Q14683,False,True,False,False,True,False,False,True,False,False,False,False,False,False,False,False,True,False,True,True,True,True,True,True,False,False,False,True,False
SMN1,ENSG00000172062,HGNC:11117,"survival of motor neuron 1, telomeric",600354,Q16637,True,True,True,False,False,False,False,False,False,False,False,False,False,False,False,False,True,False,False,False,False,False,True,True,False,False,False,False,False
SMS,ENSG00000102172,HGNC:11123,spermine synthase,300105,P52788,False,True,False,False,True,False,False,False,False,False,False,False,False,False,False,True,True,False,False,False,True,True,True,True,False,False,False,True,False
SNRNP200,ENSG00000144028,HGNC:30859,small nuclear ribonucleoprotein U5 subunit 200,601664,O75643,True,True,False,True,False,False,False,True,False,False,False,False,False,False,False,False,False,True,True,True,True,True,True,True,False,False,False,False,True
SNRPB,ENSG00000125835,HGNC:11153,small nuclear ribonucleoprotein polypeptides B and B1,182282,P14678,True,True,False,False,False,False,False,False,False,False,False,False,False,False,False,False,False,True,True,False,True,True,True,True,False,False,False,False,True
SOD1,ENSG00000142168,HGNC:11179,superoxide dismutase 1,147450,P00441,True,True,False,True,False,False,False,False,False,False,False,False,False,False,False,False,True,False,False,False,True,False,True,True,False,False,False,True,False
SPAST,ENSG00000021574,HGNC:11233,spastin,604277,Q9UBP0,True,True,False,True,False,False,False,False,False,False,False,True,False,False,False,False,True,False,False,False,False,True,True,True,False,False,False,False,False
SQSTM1,ENSG00000161011,HGNC:11280,sequestosome 1,601530,Q13501,True,True,False,True,False,False,False,False,False,False,False,False,False,False,False,False,True,False,False,False,True,True,True,True,False,False,False,True,False
SRP72,ENSG00000174780,HGNC:11303,signal recognition particle 72,602122,O76094,True,True,False,False,False,False,False,False,False,False,False,False,False,False,False,False,True,True,False,False,True,True,True,True,False,True,False,True,True
STAT1,ENSG00000115415,HGNC:11362,signal transducer and activator of transcription 1,600555,P42224,True,True,True,False,False,False,False,False,False,False,False,False,False,False,False,False,True,False,False,True,True,True,True,True,False,False,False,True,False
STAT3,ENSG00000168610,HGNC:11364,signal transducer and activator of transcription 3,102582,P40763,True,True,False,True,False,False,False,False,False,False,False,False,False,False,True,False,True,False,True,False,True,False,True,True,False,False,False,True,False
STIM1,ENSG00000167323,HGNC:11386,stromal interaction molecule 1,605921,Q13586,True,True,True,False,False,False,False,False,False,False,False,True,False,False,False,False,False,True,False,False,False,True,True,True,False,False,False,False,True
STK4,ENSG00000101109,HGNC:11408,serine/threonine kinase 4,604965,Q13043,True,True,False,False,False,False,False,False,False,True,False,True,False,False,False,False,False,True,False,False,False,True,True,True,False,False,False,False,True
STT3B,ENSG00000163527,HGNC:30611,STT3 oligosaccharyltransferase complex catalytic subunit B,608605,Q8TCJ2,True,True,False,False,False,False,False,False,False,False,False,False,False,False,False,False,False,True,False,False,False,False,True,True,False,False,False,False,False
STXBP2,ENSG00000076944,HGNC:11445,syntaxin binding protein 2,601717,Q15833,True,True,True,False,False,False,False,False,False,False,False,False,False,False,False,False,False,True,False,False,False,True,True,True,False,False,False,False,True
SUCLA2,ENSG00000136143,HGNC:11448,succinate-CoA ligase ADP-forming subunit beta,603921,Q9P2R7,True,True,True,False,False,False,False,False,False,False,False,False,False,False,False,False,True,True,False,False,True,True,True,True,False,True,False,True,True
SUCLG1,ENSG00000163541,HGNC:11449,succinate-CoA ligase GDP/ADP-forming subunit alpha,611224,P53597,True,True,True,False,False,False,False,False,False,False,False,False,False,False,False,False,True,True,False,False,True,True,True,True,False,True,False,True,True
TACO1,ENSG00000136463,HGNC:24316,translational activator of cytochrome c oxidase I,612958,Q9BSH4,True,True,False,False,False,False,False,False,False,False,False,False,False,False,False,False,True,True,False,False,True,True,True,True,False,True,False,True,True
TARDBP,ENSG00000120948,HGNC:11571,TAR DNA binding protein,605078,Q13148,True,True,False,True,False,False,False,False,False,False,False,False,False,False,False,False,True,True,True,False,True,True,True,True,False,True,False,True,True
TCOF1,ENSG00000070814,HGNC:11654,treacle ribosome biogenesis factor 1,606847,Q13428,True,True,False,True,True,False,False,False,False,False,False,False,False,False,False,False,True,False,False,False,True,True,True,True,False,False,False,True,False
TDRD7,ENSG00000196116,HGNC:30831,tudor domain containing 7,611258,Q8NHU6,True,True,False,False,False,False,False,False,False,False,False,False,False,False,False,False,True,False,False,False,False,False,True,True,False,False,False,False,False
TECR,ENSG00000099797,HGNC:4551,"trans-2,3-enoyl-CoA reductase",610057,Q9NZ01,True,True,False,False,False,False,False,False,False,False,False,False,False,False,False,False,False,True,False,False,False,False,True,True,False,False,False,False,False
THOC6,ENSG00000131652,HGNC:28369,THO complex 6,615403,Q86W42,True,True,False,False,False,False,False,False,False,False,False,False,False,False,False,False,True,False,False,False,True,False,True,True,False,False,False,True,False
TJP2,ENSG00000119139,HGNC:11828,tight junction protein 2,607709,Q9UDY2,True,True,True,False,False,False,False,False,False,False,False,True,False,False,False,False,False,True,False,False,True,True,True,True,False,False,False,False,True
TMEM126A,ENSG00000171202,HGNC:25382,transmembrane protein 126A,612988,Q9H061,True,True,True,False,False,False,False,False,False,False,False,False,False,False,False,False,True,False,False,False,False,False,True,True,False,False,False,False,False
TNPO1,ENSG00000083312,HGNC:6401,transportin 1,602901,Q92973,False,True,False,False,False,False,False,False,False,False,False,True,False,False,False,False,True,True,True,False,True,True,True,True,False,True,False,True,True
TNPO3,ENSG00000064419,HGNC:17103,transportin 3,610032,Q9Y5L0,True,True,False,False,False,False,False,True,False,False,False,True,False,False,False,False,False,True,False,False,True,True,True,True,False,False,False,False,True
TOP2A,ENSG00000131747,HGNC:11989,DNA topoisomerase II alpha,126430,P11388,True,True,False,False,False,False,False,True,False,False,False,True,False,False,False,True,True,False,True,False,True,False,True,True,False,False,False,True,False
TPMT,ENSG00000137364,HGNC:12014,thiopurine S-methyltransferase,187680,P51580,True,True,False,False,False,False,False,False,False,False,False,True,False,False,False,True,False,True,False,False,False,True,True,True,False,False,False,False,True
TRAPPC9,ENSG00000167632,HGNC:30832,trafficking protein particle complex 9,611966,Q96Q05,True,True,True,False,False,False,False,False,False,False,False,True,False,False,False,False,False,False,False,True,False,False,True,True,False,False,False,False,False
TSFM,ENSG00000123297,HGNC:12367,"Ts translation elongation factor, mitochondrial",604723,P43897,True,True,True,False,False,False,False,False,False,False,False,True,False,False,False,False,True,False,False,False,False,True,True,True,False,False,False,False,False
TTN,ENSG00000155657,HGNC:12403,titin,188840,Q8WZ42,True,True,True,True,False,False,True,False,False,False,False,True,False,False,False,False,False,False,False,True,True,False,True,True,False,False,False,False,False
TTR,ENSG00000118271,HGNC:12405,transthyretin,176300,P02766,True,True,False,True,False,False,False,False,False,False,False,True,False,False,False,True,False,True,False,False,False,True,True,True,False,False,False,False,True
TUBA1A,ENSG00000167552,HGNC:20766,tubulin alpha 1a,602529,Q71U36,True,True,False,True,False,False,False,False,False,False,False,False,False,False,False,True,True,True,False,True,True,True,True,True,False,True,True,True,True
TUBA4A,ENSG00000127824,HGNC:12407,tubulin alpha 4a,191110,P68366,True,True,False,False,False,False,False,False,False,False,False,False,False,False,False,False,True,True,True,True,True,True,True,True,True,True,True,True,True
TUBB2B,ENSG00000137285,HGNC:30829,tubulin beta 2B class IIb,612850,Q9BVA1,True,True,False,True,False,False,False,False,False,False,False,False,False,False,False,False,True,False,False,True,True,True,True,True,False,False,False,True,False
TUBB4A,ENSG00000104833,HGNC:20774,tubulin beta 4A class IVa,602662,P04350,True,True,False,False,False,False,False,False,False,False,False,False,False,False,False,False,False,False,True,True,False,False,True,True,False,False,False,False,False
UBA1,ENSG00000130985,HGNC:12469,ubiquitin like modifier activating enzyme 1,314370,P22314,False,True,False,False,False,False,False,True,False,False,False,False,False,False,False,False,True,True,False,True,True,True,True,True,False,True,True,True,True
UBE3A,ENSG00000114062,HGNC:12496,ubiquitin protein ligase E3A,601623,Q05086,True,True,False,True,True,False,False,False,False,False,False,False,False,False,False,False,True,False,False,False,True,False,True,True,False,False,False,True,False
UMPS,ENSG00000114491,HGNC:12563,uridine monophosphate synthetase,613891,P11172,True,True,True,False,False,False,False,False,False,False,False,True,False,False,False,False,False,True,False,True,True,True,True,True,False,False,False,False,True
UNG,ENSG00000076248,HGNC:12572,uracil DNA glycosylase,191525,P13051,True,True,True,False,False,False,False,False,False,False,True,False,False,False,False,False,False,False,False,True,False,True,True,True,False,False,False,False,False
UPF3B,ENSG00000125351,HGNC:20439,UPF3B regulator of nonsense mediated mRNA decay,300298,Q9BZI7,False,True,False,False,True,False,False,False,False,False,False,False,False,False,False,False,True,False,False,True,True,False,True,True,False,False,False,True,False
UQCC2,ENSG00000137288,HGNC:21237,ubiquinol-cytochrome c reductase complex assembly factor 2,614461,Q9BRT2,True,True,False,False,False,False,False,False,False,False,False,False,False,False,False,False,False,True,False,False,False,True,True,True,False,False,False,False,True
UROD,ENSG00000126088,HGNC:12591,uroporphyrinogen decarboxylase,613521,P06132,True,True,False,True,False,False,False,True,False,False,False,False,False,False,False,False,True,True,False,True,True,True,True,True,False,True,True,True,True
USP9X,ENSG00000124486,HGNC:12632,ubiquitin specific peptidase 9 X-linked,300072,Q93008,False,True,False,False,True,False,False,False,False,False,False,False,False,False,False,False,False,False,False,True,True,True,True,True,False,False,False,False,False
USP9Y,ENSG00000114374,HGNC:12633,ubiquitin specific peptidase 9 Y-linked,400005,O00507,False,True,False,False,False,False,False,False,False,False,False,False,False,False,False,False,False,False,False,True,False,False,True,True,False,False,False,False,False
VAPB,ENSG00000124164,HGNC:12649,VAMP associated protein B and C,605704,O95292,True,True,False,True,False,False,False,False,False,False,False,False,False,False,False,False,True,True,False,False,False,True,True,True,False,True,False,False,True
VCL,ENSG00000035403,HGNC:12665,vinculin,193065,P18206,True,True,False,True,False,False,False,False,False,False,False,True,False,False,False,False,False,True,True,True,False,True,True,True,False,False,False,False,True
VCP,ENSG00000165280,HGNC:12666,valosin containing protein,601023,P55072,True,True,False,True,False,False,False,True,False,False,False,False,False,False,False,False,True,True,True,True,True,True,True,True,True,True,True,True,True
VPS35,ENSG00000069329,HGNC:13487,VPS35 retromer complex component,601501,Q96QK1,True,True,False,False,False,False,False,False,False,False,False,False,False,False,False,False,True,True,False,True,True,True,True,True,False,True,True,True,True
VRK1,ENSG00000100749,HGNC:12718,VRK serine/threonine kinase 1,602168,Q99986,True,True,True,False,False,False,False,False,False,True,False,False,False,False,False,False,True,False,False,False,True,False,True,True,False,False,False,True,False
XIAP,ENSG00000101966,HGNC:592,X-linked inhibitor of apoptosis,300079,P98170,False,True,False,False,True,False,False,False,False,False,False,False,False,False,False,True,True,False,False,False,False,False,True,True,False,False,False,False,False
XPC,ENSG00000154767,HGNC:12816,"XPC complex subunit, DNA damage recognition and repair factor",613208,Q01831,True,True,True,False,False,False,False,False,False,False,True,False,False,False,False,False,True,False,False,False,False,False,True,True,False,False,False,False,False
YWHAE,ENSG00000108953,HGNC:12851,tyrosine 3-monooxygenase/tryptophan 5-monooxygenase activation protein epsilon,605066,P62258,False,True,False,False,False,False,False,False,False,False,False,True,False,False,False,False,True,True,True,True,True,True,True,True,True,True,True,True,True
ZAP70,ENSG00000115085,HGNC:12858,zeta chain of T cell receptor associated protein kinase 70,176947,P43403,True,True,True,False,False,False,False,False,False,True,False,False,False,False,False,False,True,True,False,False,True,False,True,True,False,True,False,True,False
